{"cameraMode":{"drawMode":2,"name":"Shaded Wireframe","section":"Shading Mode"},"sceneLighting":true,"audioPlay":false,"sceneViewState":{"showFog":true,"showMaterialUpdate":false,"showSkybox":true,"showFlares":true,"showImageEffects":true,"showParticleSystems":true},"in2DMode":false,"pivot":{"x":-1.4230159521102906,"y":2.685711145401001,"z":-4.29655122756958},"rotation":{"x":0.2618083953857422,"y":-0.00434301421046257,"z":0.0011781471548601986,"w":0.9651094079017639},"size":0.15788394212722779,"orthographic":false}